Workbook

Sheet Datos
A1: width | B1: height | C1: seed | D1: time_ms | E1: rooms
A2: 40 | B2: 20 | C2: 1 | D2: 0.006619 | E2: 6
A3: 40 | B3: 20 | C3: 2 | D3: 0.001214 | E3: 6
A4: 40 | B4: 20 | C4: 3 | D4: 0.001005 | E4: 6
A5: 40 | B5: 20 | C5: 4 | D5: 0.001034 | E5: 7
A6: 40 | B6: 20 | C6: 5 | D6: 0.000847 | E6: 6
A7: 40 | B7: 40 | C7: 1 | D7: 0.001292 | E7: 9
A8: 40 | B8: 40 | C8: 2 | D8: 0.00129 | E8: 9
A9: 40 | B9: 40 | C9: 3 | D9: 0.001143 | E9: 9
A10: 40 | B10: 40 | C10: 4 | D10: 0.00114 | E10: 9
A11: 40 | B11: 40 | C11: 5 | D11: 0.001124 | E11: 9
A12: 40 | B12: 60 | C12: 1 | D12: 0.008406 | E12: 14
A13: 40 | B13: 60 | C13: 2 | D13: 0.001529 | E13: 12
... A181: 240 | B181: 120 | C181: 5 | D181: 0.004735 | E181: 62

Sheet Pivote_Tiempo
A1: altura \ ancho | B1: 40 | C1: 80 | D1: 120 | E1: 160 | F1: 200 | G1: 240
A2: 20 | B2: =AVERAGEIFS(Datos!$D$2:$D$181,Datos!$A$2:$A$181,B$1,Datos!$B$2:$B$181,$A2) -> 0.0021438 | C2: =AVERAGEIFS(Datos!$D$2:$D$181,Datos!$A$2:$A$181,C$1,Datos!$B$2:$B$181,$A2) -> 0.0013382 | D2: =AVERAGEIFS(Datos!$D$2:$D$181,Datos!$A$2:$A$181,D$1,Datos!$B$2:$B$181,$A2) -> 0.0018374 | E2: =AVERAGEIFS(Datos!$D$2:$D$181,Datos!$A$2:$A$181,E$1,Datos!$B$2:$B$181,$A2) -> 0.0020978 | F2: =AVERAGEIFS(Datos!$D$2:$D$181,Datos!$A$2:$A$181,F$1,Datos!$B$2:$B$181,$A2) -> 0.002653 | G2: =AVERAGEIFS(Datos!$D$2:$D$181,Datos!$A$2:$A$181,G$1,Datos!$B$2:$B$181,$A2) -> 0.0029318
A3: 40 | B3: =AVERAGEIFS(Datos!$D$2:$D$181,Datos!$A$2:$A$181,B$1,Datos!$B$2:$B$181,$A3) -> 0.0011978 | C3: =AVERAGEIFS(Datos!$D$2:$D$181,Datos!$A$2:$A$181,C$1,Datos!$B$2:$B$181,$A3) -> 0.0019014 | D3: =AVERAGEIFS(Datos!$D$2:$D$181,Datos!$A$2:$A$181,D$1,Datos!$B$2:$B$181,$A3) -> 0.0023418 | E3: =AVERAGEIFS(Datos!$D$2:$D$181,Datos!$A$2:$A$181,E$1,Datos!$B$2:$B$181,$A3) -> 0.00849 | F3: =AVERAGEIFS(Datos!$D$2:$D$181,Datos!$A$2:$A$181,F$1,Datos!$B$2:$B$181,$A3) -> 0.0039692 | G3: =AVERAGEIFS(Datos!$D$2:$D$181,Datos!$A$2:$A$181,G$1,Datos!$B$2:$B$181,$A3) -> 0.003709
A4: 60 | B4: =AVERAGEIFS(Datos!$D$2:$D$181,Datos!$A$2:$A$181,B$1,Datos!$B$2:$B$181,$A4) -> 0.0028942 | C4: =AVERAGEIFS(Datos!$D$2:$D$181,Datos!$A$2:$A$181,C$1,Datos!$B$2:$B$181,$A4) -> 0.0022676 | D4: =AVERAGEIFS(Datos!$D$2:$D$181,Datos!$A$2:$A$181,D$1,Datos!$B$2:$B$181,$A4) -> 0.0033624 | E4: =AVERAGEIFS(Datos!$D$2:$D$181,Datos!$A$2:$A$181,E$1,Datos!$B$2:$B$181,$A4) -> 0.005761 | F4: =AVERAGEIFS(Datos!$D$2:$D$181,Datos!$A$2:$A$181,F$1,Datos!$B$2:$B$181,$A4) -> 0.004141 | G4: =AVERAGEIFS(Datos!$D$2:$D$181,Datos!$A$2:$A$181,G$1,Datos!$B$2:$B$181,$A4) -> 0.0041984
A5: 80 | B5: =AVERAGEIFS(Datos!$D$2:$D$181,Datos!$A$2:$A$181,B$1,Datos!$B$2:$B$181,$A5) -> 0.00182 | C5: =AVERAGEIFS(Datos!$D$2:$D$181,Datos!$A$2:$A$181,C$1,Datos!$B$2:$B$181,$A5) -> 0.0041348 | D5: =AVERAGEIFS(Datos!$D$2:$D$181,Datos!$A$2:$A$181,D$1,Datos!$B$2:$B$181,$A5) -> 0.0039884 | E5: =AVERAGEIFS(Datos!$D$2:$D$181,Datos!$A$2:$A$181,E$1,Datos!$B$2:$B$181,$A5) -> 0.004328 | F5: =AVERAGEIFS(Datos!$D$2:$D$181,Datos!$A$2:$A$181,F$1,Datos!$B$2:$B$181,$A5) -> 0.0047382 | G5: =AVERAGEIFS(Datos!$D$2:$D$181,Datos!$A$2:$A$181,G$1,Datos!$B$2:$B$181,$A5) -> 0.0044454
A6: 100 | B6: =AVERAGEIFS(Datos!$D$2:$D$181,Datos!$A$2:$A$181,B$1,Datos!$B$2:$B$181,$A6) -> 0.0022952 | C6: =AVERAGEIFS(Datos!$D$2:$D$181,Datos!$A$2:$A$181,C$1,Datos!$B$2:$B$181,$A6) -> 0.0041862 | D6: =AVERAGEIFS(Datos!$D$2:$D$181,Datos!$A$2:$A$181,D$1,Datos!$B$2:$B$181,$A6) -> 0.0042312 | E6: =AVERAGEIFS(Datos!$D$2:$D$181,Datos!$A$2:$A$181,E$1,Datos!$B$2:$B$181,$A6) -> 0.004558 | F6: =AVERAGEIFS(Datos!$D$2:$D$181,Datos!$A$2:$A$181,F$1,Datos!$B$2:$B$181,$A6) -> 0.0046066 | G6: =AVERAGEIFS(Datos!$D$2:$D$181,Datos!$A$2:$A$181,G$1,Datos!$B$2:$B$181,$A6) -> 0.004506
A7: 120 | B7: =AVERAGEIFS(Datos!$D$2:$D$181,Datos!$A$2:$A$181,B$1,Datos!$B$2:$B$181,$A7) -> 0.0025098 | C7: =AVERAGEIFS(Datos!$D$2:$D$181,Datos!$A$2:$A$181,C$1,Datos!$B$2:$B$181,$A7) -> 0.0040268 | D7: =AVERAGEIFS(Datos!$D$2:$D$181,Datos!$A$2:$A$181,D$1,Datos!$B$2:$B$181,$A7) -> 0.0041524 | E7: =AVERAGEIFS(Datos!$D$2:$D$181,Datos!$A$2:$A$181,E$1,Datos!$B$2:$B$181,$A7) -> 0.0046192 | F7: =AVERAGEIFS(Datos!$D$2:$D$181,Datos!$A$2:$A$181,F$1,Datos!$B$2:$B$181,$A7) -> 0.0046028 | G7: =AVERAGEIFS(Datos!$D$2:$D$181,Datos!$A$2:$A$181,G$1,Datos!$B$2:$B$181,$A7) -> 0.0044756

Sheet Pivote_Habitaciones
A1: altura \ ancho | B1: 40 | C1: 80 | D1: 120 | E1: 160 | F1: 200 | G1: 240
A2: 20 | B2: =AVERAGEIFS(Datos!$E$2:$E$181,Datos!$A$2:$A$181,B$1,Datos!$B$2:$B$181,$A2) -> 6.2 | C2: =AVERAGEIFS(Datos!$E$2:$E$181,Datos!$A$2:$A$181,C$1,Datos!$B$2:$B$181,$A2) -> 12 | D2: =AVERAGEIFS(Datos!$E$2:$E$181,Datos!$A$2:$A$181,D$1,Datos!$B$2:$B$181,$A2) -> 19.2 | E2: =AVERAGEIFS(Datos!$E$2:$E$181,Datos!$A$2:$A$181,E$1,Datos!$B$2:$B$181,$A2) -> 23.8 | F2: =AVERAGEIFS(Datos!$E$2:$E$181,Datos!$A$2:$A$181,F$1,Datos!$B$2:$B$181,$A2) -> 31 | G2: =AVERAGEIFS(Datos!$E$2:$E$181,Datos!$A$2:$A$181,G$1,Datos!$B$2:$B$181,$A2) -> 35.6
A3: 40 | B3: =AVERAGEIFS(Datos!$E$2:$E$181,Datos!$A$2:$A$181,B$1,Datos!$B$2:$B$181,$A3) -> 9 | C3: =AVERAGEIFS(Datos!$E$2:$E$181,Datos!$A$2:$A$181,C$1,Datos!$B$2:$B$181,$A3) -> 19.4 | D3: =AVERAGEIFS(Datos!$E$2:$E$181,Datos!$A$2:$A$181,D$1,Datos!$B$2:$B$181,$A3) -> 27.6 | E3: =AVERAGEIFS(Datos!$E$2:$E$181,Datos!$A$2:$A$181,E$1,Datos!$B$2:$B$181,$A3) -> 36.2 | F3: =AVERAGEIFS(Datos!$E$2:$E$181,Datos!$A$2:$A$181,F$1,Datos!$B$2:$B$181,$A3) -> 42 | G3: =AVERAGEIFS(Datos!$E$2:$E$181,Datos!$A$2:$A$181,G$1,Datos!$B$2:$B$181,$A3) -> 46.4
A4: 60 | B4: =AVERAGEIFS(Datos!$E$2:$E$181,Datos!$A$2:$A$181,B$1,Datos!$B$2:$B$181,$A4) -> 13.4 | C4: =AVERAGEIFS(Datos!$E$2:$E$181,Datos!$A$2:$A$181,C$1,Datos!$B$2:$B$181,$A4) -> 25.4 | D4: =AVERAGEIFS(Datos!$E$2:$E$181,Datos!$A$2:$A$181,D$1,Datos!$B$2:$B$181,$A4) -> 39.4 | E4: =AVERAGEIFS(Datos!$E$2:$E$181,Datos!$A$2:$A$181,E$1,Datos!$B$2:$B$181,$A4) -> 45.8 | F4: =AVERAGEIFS(Datos!$E$2:$E$181,Datos!$A$2:$A$181,F$1,Datos!$B$2:$B$181,$A4) -> 52 | G4: =AVERAGEIFS(Datos!$E$2:$E$181,Datos!$A$2:$A$181,G$1,Datos!$B$2:$B$181,$A4) -> 54.2
A5: 80 | B5: =AVERAGEIFS(Datos!$E$2:$E$181,Datos!$A$2:$A$181,B$1,Datos!$B$2:$B$181,$A5) -> 17.8 | C5: =AVERAGEIFS(Datos!$E$2:$E$181,Datos!$A$2:$A$181,C$1,Datos!$B$2:$B$181,$A5) -> 35.4 | D5: =AVERAGEIFS(Datos!$E$2:$E$181,Datos!$A$2:$A$181,D$1,Datos!$B$2:$B$181,$A5) -> 45.2 | E5: =AVERAGEIFS(Datos!$E$2:$E$181,Datos!$A$2:$A$181,E$1,Datos!$B$2:$B$181,$A5) -> 53.2 | F5: =AVERAGEIFS(Datos!$E$2:$E$181,Datos!$A$2:$A$181,F$1,Datos!$B$2:$B$181,$A5) -> 55.6 | G5: =AVERAGEIFS(Datos!$E$2:$E$181,Datos!$A$2:$A$181,G$1,Datos!$B$2:$B$181,$A5) -> 58.6
A6: 100 | B6: =AVERAGEIFS(Datos!$E$2:$E$181,Datos!$A$2:$A$181,B$1,Datos!$B$2:$B$181,$A6) -> 23.6 | C6: =AVERAGEIFS(Datos!$E$2:$E$181,Datos!$A$2:$A$181,C$1,Datos!$B$2:$B$181,$A6) -> 42.6 | D6: =AVERAGEIFS(Datos!$E$2:$E$181,Datos!$A$2:$A$181,D$1,Datos!$B$2:$B$181,$A6) -> 51.8 | E6: =AVERAGEIFS(Datos!$E$2:$E$181,Datos!$A$2:$A$181,E$1,Datos!$B$2:$B$181,$A6) -> 57.2 | F6: =AVERAGEIFS(Datos!$E$2:$E$181,Datos!$A$2:$A$181,F$1,Datos!$B$2:$B$181,$A6) -> 60.4 | G6: =AVERAGEIFS(Datos!$E$2:$E$181,Datos!$A$2:$A$181,G$1,Datos!$B$2:$B$181,$A6) -> 62
A7: 120 | B7: =AVERAGEIFS(Datos!$E$2:$E$181,Datos!$A$2:$A$181,B$1,Datos!$B$2:$B$181,$A7) -> 27.8 | C7: =AVERAGEIFS(Datos!$E$2:$E$181,Datos!$A$2:$A$181,C$1,Datos!$B$2:$B$181,$A7) -> 47.4 | D7: =AVERAGEIFS(Datos!$E$2:$E$181,Datos!$A$2:$A$181,D$1,Datos!$B$2:$B$181,$A7) -> 53.4 | E7: =AVERAGEIFS(Datos!$E$2:$E$181,Datos!$A$2:$A$181,E$1,Datos!$B$2:$B$181,$A7) -> 58.4 | F7: =AVERAGEIFS(Datos!$E$2:$E$181,Datos!$A$2:$A$181,F$1,Datos!$B$2:$B$181,$A7) -> 60.6 | G7: =AVERAGEIFS(Datos!$E$2:$E$181,Datos!$A$2:$A$181,G$1,Datos!$B$2:$B$181,$A7) -> 62.2
